{
    "access_violation = FN": 100.0,
    "access_violation = TN": 100.0,
    "delete_violation = FN": 22.22222222222222,
    "delete_violation = FP": 38.88888888888889,
    "delete_violation = TN": 61.111111111111114,
    "delete_violation = TP": 77.77777777777779,
    "encryption_violation = FN": 100.0,
    "encryption_violation = FP": 4.3478260869565215,
    "encryption_violation = TN": 95.65217391304348,
    "third_party_violation = FN": 100.0,
    "third_party_violation = FP": 3.8461538461538463,
    "third_party_violation = TN": 96.15384615384616,
    "violation = FN": 35.714285714285715,
    "violation = FP": 46.15384615384615,
    "violation = TN": 53.84615384615385,
    "violation = TP": 64.28571428571429
}