{
    "access_violation = FN": 100.0,
    "access_violation = TN": 100.0,
    "delete_violation = FN": 12.5,
    "delete_violation = FP": 31.25,
    "delete_violation = TN": 68.75,
    "delete_violation = TP": 87.5,
    "encryption_violation = FN": 100.0,
    "encryption_violation = FP": 4.761904761904762,
    "encryption_violation = TN": 95.23809523809523,
    "third_party_violation = FN": 100.0,
    "third_party_violation = FP": 4.3478260869565215,
    "third_party_violation = TN": 95.65217391304348,
    "violation = FN": 30.76923076923077,
    "violation = FP": 36.36363636363637,
    "violation = TN": 63.63636363636363,
    "violation = TP": 69.23076923076923
}