{
    "access_violation = FN": 77.77777777777779,
    "access_violation = FP": 12.903225806451612,
    "access_violation = TN": 87.09677419354838,
    "access_violation = TP": 22.22222222222222,
    "delete_violation = FN": 23.076923076923077,
    "delete_violation = FP": 40.74074074074074,
    "delete_violation = TN": 59.25925925925925,
    "delete_violation = TP": 76.92307692307693,
    "encryption_violation = FN": 80.0,
    "encryption_violation = FP": 11.428571428571429,
    "encryption_violation = TN": 88.57142857142857,
    "encryption_violation = TP": 20.0,
    "third_party_violation = FN": 50.0,
    "third_party_violation = FP": 5.263157894736842,
    "third_party_violation = TN": 94.73684210526315,
    "third_party_violation = TP": 50.0,
    "violation = FN": 35.294117647058826,
    "violation = FP": 43.47826086956522,
    "violation = TN": 56.52173913043478,
    "violation = TP": 64.70588235294117
}