{
    "access_violation = FN": 100.0,
    "access_violation = FP": 20.0,
    "access_violation = TN": 80.0,
    "delete_violation = FN": 33.33333333333333,
    "delete_violation = FP": 50.0,
    "delete_violation = TN": 50.0,
    "delete_violation = TP": 66.66666666666666,
    "encryption_violation = FP": 14.285714285714285,
    "encryption_violation = TN": 85.71428571428571,
    "third_party_violation = FN": 50.0,
    "third_party_violation = TN": 100.0,
    "third_party_violation = TP": 50.0,
    "violation = FN": 66.66666666666666,
    "violation = FP": 66.66666666666666,
    "violation = TN": 33.33333333333333,
    "violation = TP": 33.33333333333333
}