{
    "access_violation = FN": 100.0,
    "access_violation = TN": 100.0,
    "delete_violation = FN": 18.181818181818183,
    "delete_violation = FP": 47.368421052631575,
    "delete_violation = TN": 52.63157894736842,
    "delete_violation = TP": 81.81818181818183,
    "encryption_violation = FN": 100.0,
    "encryption_violation = FP": 16.0,
    "encryption_violation = TN": 84.0,
    "third_party_violation = FN": 50.0,
    "third_party_violation = FP": 7.142857142857142,
    "third_party_violation = TN": 92.85714285714286,
    "third_party_violation = TP": 50.0,
    "violation = FN": 33.33333333333333,
    "violation = FP": 60.0,
    "violation = TN": 40.0,
    "violation = TP": 66.66666666666666
}