{
    "access_violation = FN": 100.0,
    "access_violation = TN": 100.0,
    "delete_violation = FN": 18.181818181818183,
    "delete_violation = FP": 40.909090909090914,
    "delete_violation = TN": 59.09090909090909,
    "delete_violation = TP": 81.81818181818183,
    "encryption_violation = FN": 100.0,
    "encryption_violation = FP": 14.285714285714285,
    "encryption_violation = TN": 85.71428571428571,
    "third_party_violation = FN": 50.0,
    "third_party_violation = FP": 6.451612903225806,
    "third_party_violation = TN": 93.54838709677419,
    "third_party_violation = TP": 50.0,
    "violation = FN": 33.33333333333333,
    "violation = FP": 50.0,
    "violation = TN": 50.0,
    "violation = TP": 66.66666666666666
}